Location;ID;Extraction;Npr2_1;Npr2_2;RGD735029_1;RGD735029_2;Irf5_1;Irf5_2;Usp20_1;Usp20_2;P2rx1_1;P2rx1_2;Apeh17_1;Apeh17_2;Klc2_1;Klc2_2;Il34_1;Il34_2;Cd27_1;Cd27_2;Abcg8_1;Abcg8_2;Fn3krp_1;Fn3krp_2;Rogdi_1;Rogdi_2;Ssfa2_1;Ssfa2_2;Chrna9_1;Chrna9_2;Pipox_1;Pipox_2;Nfkbia_1;Nfkbia_2;Gadd45g_1;Gadd45g_2;Fancg_1;Fancg_2;Ptgs2_1;Ptgs2_2;Tmem87a_1;Tmem87a_2;Ms4a2_1;Ms4a2_2;Rabac1_1;Rabac1_2;Mmp9_1;Mmp9_2;Alkbh7_1;Alkbh7_2;Fetub_1;Fetub_2;Dhrs3_1;Dhrs3_2
TAMBOYUCON;BOR161;RB01 (MID-1);Npr2a;Npr2a;RGD735029b;RGD735029b;Irf5a;Irf5a;Usp20a;Usp20a;P2rx1a;P2rx1a;Apeh17a;Apeh17a;Klc2a;Klc2b;Il34a;Il34a;Cd27a;Cd27b;Abcg8a;Abcg8a;Fn3krpa;Fn3krpa;Rogdia;Rogdia;Ssfa2a;Ssfa2a;Chrna9a;Chrna9b;Pipoxa;Pipoxa;Nfkbia1;Nfkbia1;Gadd45ga;Gadd45ga;Fancg1;Fancg1;Ptgs2a;Ptgs2a;Tmem87a1;Tmem87a1;Ms4a2a;Ms4a2a;Rabac1a;Rabac1a;Mmp9a;Mmp9a;Alkbh7a;Alkbh7a;Fetub1;Fetub2;Dhrs3a;Dhrs3a
TAMBOYUCON;BOR201;RB02 (MID-2);Npr2a;Npr2b;RGD735029b;RGD735029b;Irf5a;Irf5a;Usp20a;Usp20b;P2rx1a;P2rx1a;Apeh17a;Apeh17a;Klc2a;Klc2a;Il34a;Il34a;Cd27a;Cd27a;Abcg8a;Abcg8a;Fn3krpa;Fn3krpb;Rogdia;Rogdia;Ssfa2a;Ssfa2b;Chrna9a;Chrna9a;Pipoxa;Pipoxa;Nfkbia1;Nfkbia1;Gadd45ga;Gadd45ga;Fancg1;Fancg1;Ptgs2a;Ptgs2a;Tmem87a1;Tmem87a1;Ms4a2a;Ms4a2a;Rabac1a;Rabac1a;Mmp9b;Mmp9c;Alkbh7a;Alkbh7a;Fetub1;Fetub2;Dhrs3a;Dhrs3a
TAMBOYUCON;BOR207;RB03 (MID-3);Npr2a;Npr2b;RGD735029b;RGD735029b;Irf5a;Irf5a;Usp20a;Usp20b;P2rx1a;P2rx1a;Apeh17a;Apeh17a;Klc2a;Klc2b;Il34a;Il34a;Cd27a;Cd27a;Abcg8a;Abcg8a;Fn3krpa;Fn3krpb;Rogdia;Rogdia;Ssfa2a;Ssfa2b;Chrna9a;Chrna9a;Pipoxa;Pipoxa;Nfkbia1;Nfkbia1;Gadd45ga;Gadd45ga;Fancg1;Fancg1;Ptgs2a;Ptgs2a;Tmem87a1;Tmem87a1;Ms4a2a;Ms4a2a;Rabac1a;Rabac1a;Mmp9a;Mmp9a;Alkbh7a;Alkbh7a;Fetub1;Fetub2;Dhrs3a;Dhrs3a
TAMBOYUCON;BOR209;RB04 (MID-4);Npr2a;Npr2b;RGD735029b;RGD735029b;Irf5a;Irf5a;Usp20a;Usp20a;P2rx1a;P2rx1a;Apeh17a;Apeh17a;Klc2a;Klc2b;Il34a;Il34a;Cd27a;Cd27a;Abcg8a;Abcg8a;Fn3krpb;Fn3krpb;Rogdib;Rogdib;Ssfa2b;Ssfa2b;Chrna9a;Chrna9a;Pipoxa;Pipoxa;Nfkbia1;Nfkbia1;Gadd45ga;Gadd45ga;Fancg1;Fancg1;Ptgs2a;Ptgs2a;Tmem87a1;Tmem87a1;Ms4a2a;Ms4a2a;Rabac1b;Rabac1b;Mmp9a;Mmp9a;Alkbh7a;Alkbh7a;Fetub1;Fetub2;Dhrs3a;Dhrs3a
TAMBOYUCON;BOR210;RB05 (MID-5);Npr2a;Npr2b;RGD735029b;RGD735029b;Irf5a;Irf5a;Usp20a;Usp20b;P2rx1a;P2rx1a;Apeh17a;Apeh17a;Klc2a;Klc2b;Il34a;Il34a;Cd27a;Cd27a;Abcg8a;Abcg8a;Fn3krpa;Fn3krpa;Rogdia;Rogdia;Ssfa2b;Ssfa2b;Chrna9a;Chrna9a;Pipoxa;Pipoxa;Nfkbia1;Nfkbia2;Gadd45ga;Gadd45ga;Fancg1;Fancg1;Ptgs2a;Ptgs2a;Tmem87a1;Tmem87a1;Ms4a2a;Ms4a2a;Rabac1a;Rabac1a;Mmp9a;Mmp9b;Alkbh7a;Alkbh7a;Fetub1;Fetub2;Dhrs3a;Dhrs3a
TAMBOYUCON;BOR212;RB06 (MID-6);Npr2a;Npr2b;RGD735029b;RGD735029b;Irf5a;Irf5a;Usp20a;Usp20b;P2rx1a;P2rx1a;Apeh17a;Apeh17a;Klc2a;Klc2b;Il34a;Il34a;Cd27a;Cd27a;Abcg8a;Abcg8a;Fn3krpa;Fn3krpa;Rogdia;Rogdia;Ssfa2a;Ssfa2b;Chrna9a;Chrna9a;Pipoxa;Pipoxa;Nfkbia2;Nfkbia2;Gadd45ga;Gadd45ga;Fancg1;Fancg1;Ptgs2a;Ptgs2a;Tmem87a1;Tmem87a1;Ms4a2a;Ms4a2a;Rabac1a;Rabac1a;Mmp9a;Mmp9a;Alkbh7a;Alkbh7a;Fetub2;Fetub2;Dhrs3a;Dhrs3a
TAMBOYUCON;BOR216;RB07 (MID-7);Npr2c;Npr2c;RGD735029b;RGD735029b;Irf5a;Irf5a;Usp20a;Usp20a;P2rx1a;P2rx1a;Apeh17a;Apeh17a;Klc2b;Klc2b;Il34a;Il34a;Cd27a;Cd27a;Abcg8a;Abcg8a;Fn3krpa;Fn3krpb;Rogdib;Rogdic;Ssfa2a;Ssfa2a;Chrna9a;Chrna9a;Pipoxa;Pipoxa;Nfkbia1;Nfkbia1;Gadd45ga;Gadd45ga;Fancg1;Fancg1;Ptgs2a;Ptgs2a;Tmem87a1;Tmem87a2;Ms4a2a;Ms4a2a;Rabac1a;Rabac1a;Mmp9b;Mmp9b;Alkbh7a;Alkbh7a;Fetub1;Fetub2;Dhrs3a;Dhrs3a
TAMBOYUCON;BOR223;RB08 (MID-8);Npr2a;Npr2c;RGD735029b;RGD735029b;Irf5a;Irf5a;Usp20a;Usp20b;P2rx1a;P2rx1a;Apeh17a;Apeh17a;Klc2a;Klc2a;Il34a;Il34a;Cd27a;Cd27a;Abcg8a;Abcg8a;Fn3krpa;Fn3krpb;Rogdia;Rogdia;Ssfa2a;Ssfa2b;Chrna9a;Chrna9a;Pipoxa;Pipoxa;Nfkbia1;Nfkbia1;Gadd45ga;Gadd45gb;Fancg1;Fancg1;Ptgs2a;Ptgs2a;Tmem87a1;Tmem87a1;Ms4a2a;Ms4a2a;Rabac1a;Rabac1a;Mmp9a;Mmp9b;Alkbh7a;Alkbh7a;Fetub1;Fetub2;Dhrs3a;Dhrs3a
TAMBOYUCON;BOR226;RB09 (MID-9);Npr2c;Npr2c;RGD735029a;RGD735029b;Irf5a;Irf5a;Usp20a;Usp20b;P2rx1a;P2rx1a;Apeh17a;Apeh17a;Klc2a;Klc2b;Il34a;Il34a;Cd27a;Cd27a;Abcg8a;Abcg8a;Fn3krpb;Fn3krpb;Rogdia;Rogdia;Ssfa2a;Ssfa2b;Chrna9a;Chrna9a;Pipoxa;Pipoxa;Nfkbia1;Nfkbia1;Gadd45ga;Gadd45ga;Fancg1;Fancg1;Ptgs2a;Ptgs2a;Tmem87a1;Tmem87a1;Ms4a2a;Ms4a2a;Rabac1a;Rabac1a;Mmp9c;Mmp9c;Alkbh7a;Alkbh7a;Fetub1;Fetub2;Dhrs3a;Dhrs3a
TAMBOYUCON;BOR230;RB10 (MID-10);Npr2c;Npr2c;RGD735029b;RGD735029b;Irf5a;Irf5a;Usp20a;Usp20a;P2rx1a;P2rx1b;Apeh17a;Apeh17a;Klc2a;Klc2b;Il34a;Il34a;Cd27a;Cd27a;Abcg8a;Abcg8a;Fn3krpa;Fn3krpb;Rogdia;Rogdia;Ssfa2a;Ssfa2b;Chrna9a;Chrna9a;Pipoxa;Pipoxa;Nfkbia1;Nfkbia1;Gadd45ga;Gadd45ga;Fancg1;Fancg1;Ptgs2a;Ptgs2a;Tmem87a1;Tmem87a1;Ms4a2a;Ms4a2a;Rabac1a;Rabac1a;Mmp9a;Mmp9a;Alkbh7a;Alkbh7a;Fetub2;Fetub2;Dhrs3a;Dhrs3a
KINABALU;BOR326;RB11 (MID-11);Npr2a;Npr2b;RGD735029a;RGD735029b;Irf5a;Irf5a;Usp20a;Usp20b;P2rx1a;P2rx1b;Apeh17a;Apeh17a;Klc2a;Klc2a;Il34a;Il34a;Cd27a;Cd27c;Abcg8a;Abcg8a;Fn3krpa;Fn3krpa;Rogdia;Rogdic;Ssfa2b;Ssfa2b;Chrna9a;Chrna9b;Pipoxa;Pipoxa;Nfkbia1;Nfkbia3;Gadd45ga;Gadd45gb;Fancg1;Fancg1;Ptgs2a;Ptgs2a;Tmem87a1;Tmem87a1;Ms4a2a;Ms4a2b;Rabac1a;Rabac1a;Mmp9a;Mmp9a;Alkbh7a;Alkbh7a;Fetub1;NA;Dhrs3a;Dhrs3a
KINABALU;BOR343;RB12 (MID-12);Npr2a;Npr2c;RGD735029b;RGD735029b;Irf5a;NA;Usp20a;Usp20c;P2rx1a;P2rx1b;Apeh17a;Apeh17a;Klc2a;Klc2a;Il34a;Il34a;Cd27a;Cd27a;Abcg8a;Abcg8a;Fn3krpa;Fn3krpa;Rogdic;Rogdic;Ssfa2b;Ssfa2b;Chrna9b;Chrna9b;Pipoxa;Pipoxa;Nfkbia1;Nfkbia1;Gadd45ga;Gadd45ga;Fancg1;Fancg1;Ptgs2a;Ptgs2a;Tmem87a2;Tmem87a2;Ms4a2a;Ms4a2a;Rabac1b;Rabac1b;Mmp9a;Mmp9c;Alkbh7a;Alkbh7a;Fetub1;Fetub2;Dhrs3a;Dhrs3b
KINABALU;BOR344;RB13 (MID-13);Npr2a;Npr2c;RGD735029b;RGD735029b;NA;NA;Usp20a;Usp20b;P2rx1b;NA;Apeh17a;Apeh17a;Klc2a;Klc2a;Il34a;NA;Cd27a;Cd27a;Abcg8a;Abcg8a;Fn3krpa;Fn3krpb;Rogdic;NA;Ssfa2b;Ssfa2b;Chrna9a;Chrna9b;Pipoxa;Pipoxa;Nfkbia1;Nfkbia1;Gadd45ga;NA;Fancg1;Fancg1;Ptgs2a;Ptgs2a;Tmem87a1;Tmem87a3;Ms4a2a;Ms4a2c;Rabac1a;Rabac1b;Mmp9d;Mmp9d;NA;NA;Fetub2;Fetub2;Dhrs3a;Dhrs3c
KINABALU;BOR348;RB14 (MID-14);Npr2c;Npr2c;RGD735029b;RGD735029b;Irf5a;Irf5a;Usp20a;Usp20a;P2rx1a;P2rx1a;Apeh17a;Apeh17a;Klc2a;Klc2a;Il34a;Il34a;Cd27a;Cd27a;Abcg8a;Abcg8a;Fn3krpa;Fn3krpb;Rogdic;Rogdic;Ssfa2b;Ssfa2b;Chrna9a;Chrna9b;Pipoxa;Pipoxa;Nfkbia1;Nfkbia1;Gadd45ga;Gadd45ga;Fancg1;Fancg1;Ptgs2a;Ptgs2a;Tmem87a1;Tmem87a1;Ms4a2a;Ms4a2a;Rabac1a;Rabac1a;Mmp9a;Mmp9b;Alkbh7a;Alkbh7a;Fetub1;Fetub2;Dhrs3a;Dhrs3a
KINABALU;BOR354;RB15 (MID-15);Npr2a;Npr2d;RGD735029a;RGD735029b;Irf5a;Irf5a;Usp20a;Usp20b;P2rx1a;P2rx1b;Apeh17a;Apeh17a;Klc2a;Klc2a;Il34a;Il34a;Cd27a;Cd27c;Abcg8a;Abcg8a;Fn3krpa;Fn3krpa;Rogdia;Rogdic;Ssfa2b;Ssfa2b;Chrna9a;Chrna9b;Pipoxa;Pipoxa;Nfkbia1;Nfkbia1;Gadd45ga;Gadd45ga;Fancg1;Fancg1;Ptgs2a;Ptgs2a;Tmem87a1;Tmem87a2;Ms4a2a;Ms4a2a;Rabac1b;Rabac1b;Mmp9a;Mmp9b;Alkbh7a;Alkbh7a;Fetub2;Fetub2;Dhrs3a;Dhrs3c
KINABALU;BOR362;RB16 (MID-16);Npr2a;Npr2b;RGD735029a;RGD735029a;Irf5a;Irf5a;Usp20a;Usp20b;P2rx1a;P2rx1b;Apeh17a;Apeh17a;Klc2a;Klc2a;Il34a;Il34a;Cd27a;Cd27d;Abcg8a;Abcg8a;Fn3krpa;Fn3krpa;Rogdia;Rogdic;Ssfa2b;Ssfa2b;Chrna9b;Chrna9b;Pipoxa;Pipoxa;Nfkbia1;Nfkbia3;Gadd45ga;Gadd45ga;Fancg1;Fancg1;Ptgs2a;Ptgs2a;Tmem87a1;Tmem87a2;Ms4a2a;Ms4a2a;Rabac1a;Rabac1a;Mmp9a;Mmp9a;Alkbh7a;Alkbh7a;Fetub1;Fetub2;Dhrs3a;Dhrs3a
KINABALU;BOR364;RB17 (MID-17);Npr2a;Npr2c;RGD735029a;RGD735029b;Irf5a;Irf5a;Usp20b;Usp20b;P2rx1a;P2rx1b;Apeh17a;Apeh17a;Klc2a;Klc2a;Il34a;Il34b;Cd27a;Cd27e;Abcg8a;Abcg8b;Fn3krpa;Fn3krpb;Rogdic;Rogdic;Ssfa2b;Ssfa2b;Chrna9b;Chrna9b;Pipoxa;Pipoxa;Nfkbia1;Nfkbia1;Gadd45ga;Gadd45ga;Fancg1;Fancg1;Ptgs2a;Ptgs2a;Tmem87a1;Tmem87a1;Ms4a2a;Ms4a2a;Rabac1a;Rabac1a;Mmp9a;Mmp9a;Alkbh7a;Alkbh7a;Fetub1;Fetub2;Dhrs3a;Dhrs3a
KINABALU;BOR372;RB18 (MID-18);Npr2a;Npr2c;RGD735029b;RGD735029b;Irf5a;Irf5a;Usp20a;Usp20c;P2rx1a;P2rx1b;Apeh17a;Apeh17a;Klc2a;Klc2a;Il34a;Il34a;Cd27a;Cd27a;Abcg8a;Abcg8a;Fn3krpa;Fn3krpb;Rogdia;Rogdic;Ssfa2b;Ssfa2b;Chrna9a;Chrna9b;Pipoxa;Pipoxa;Nfkbia1;Nfkbia3;Gadd45ga;Gadd45ga;Fancg1;Fancg1;Ptgs2a;Ptgs2a;Tmem87a1;Tmem87a1;Ms4a2a;Ms4a2a;Rabac1b;Rabac1b;Mmp9a;Mmp9a;Alkbh7a;Alkbh7a;Fetub1;Fetub2;Dhrs3a;Dhrs3a
KINABALU;BOR373;RB19 (MID-19);Npr2a;Npr2c;RGD735029b;RGD735029b;Irf5a;Irf5a;Usp20a;Usp20a;P2rx1a;P2rx1a;Apeh17a;Apeh17a;Klc2a;Klc2a;Il34a;Il34a;Cd27a;Cd27e;Abcg8a;Abcg8a;Fn3krpa;Fn3krpb;Rogdia;Rogdic;Ssfa2b;Ssfa2b;Chrna9b;Chrna9b;Pipoxa;Pipoxa;Nfkbia1;Nfkbia1;Gadd45ga;Gadd45ga;Fancg1;NA;Ptgs2a;Ptgs2a;Tmem87a1;Tmem87a2;Ms4a2a;Ms4a2a;Rabac1a;Rabac1b;Mmp9a;Mmp9a;Alkbh7a;Alkbh7a;Fetub1;Fetub2;Dhrs3a;Dhrs3a
KINABALU;BOR374;RB20 (MID-20);Npr2a;Npr2a;RGD735029a;RGD735029a;Irf5a;Irf5a;Usp20a;Usp20c;P2rx1a;P2rx1a;Apeh17a;Apeh17a;Klc2a;Klc2a;Il34a;Il34a;Cd27a;Cd27b;Abcg8a;Abcg8a;Fn3krpa;Fn3krpa;Rogdic;Rogdic;Ssfa2b;Ssfa2b;Chrna9a;Chrna9b;Pipoxa;Pipoxa;Nfkbia1;Nfkbia1;Gadd45ga;Gadd45ga;Fancg1;Fancg1;Ptgs2a;Ptgs2a;Tmem87a1;Tmem87a1;Ms4a2a;Ms4a2a;Rabac1a;Rabac1a;Mmp9a;Mmp9a;Alkbh7a;Alkbh7a;Fetub1;Fetub2;Dhrs3a;Dhrs3a
KINABALU;BOR376;RB22 (MID-22);Npr2c;Npr2c;RGD735029b;RGD735029b;Irf5a;Irf5a;Usp20a;Usp20c;P2rx1b;P2rx1b;Apeh17a;Apeh17a;Klc2a;Klc2a;Il34a;Il34a;Cd27a;Cd27e;Abcg8a;Abcg8a;Fn3krpa;Fn3krpb;Rogdia;Rogdic;Ssfa2b;Ssfa2b;Chrna9a;Chrna9a;Pipoxa;Pipoxa;Nfkbia1;Nfkbia3;Gadd45ga;NA;Fancg1;Fancg1;Ptgs2a;Ptgs2a;Tmem87a1;Tmem87a1;Ms4a2a;Ms4a2a;Rabac1a;Rabac1a;Mmp9a;Mmp9b;Alkbh7a;Alkbh7a;Fetub1;Fetub2;Dhrs3a;Dhrs3a
KINABALU;BOR377;RB23 (MID-23);Npr2c;Npr2c;RGD735029a;RGD735029b;Irf5a;Irf5a;Usp20a;Usp20b;P2rx1a;P2rx1b;Apeh17a;Apeh17a;Klc2a;Klc2a;Il34a;Il34a;Cd27a;Cd27a;Abcg8a;Abcg8a;Fn3krpa;Fn3krpa;Rogdia;Rogdic;Ssfa2b;Ssfa2b;Chrna9a;Chrna9b;Pipoxa;Pipoxa;Nfkbia1;Nfkbia1;Gadd45ga;Gadd45ga;Fancg1;Fancg1;Ptgs2a;Ptgs2a;Tmem87a1;Tmem87a2;Ms4a2a;Ms4a2c;Rabac1b;Rabac1b;Mmp9a;Mmp9b;Alkbh7a;Alkbh7a;Fetub1;Fetub2;Dhrs3a;Dhrs3b
KINABALU;BOR378;RB24 (MID-25);Npr2a;Npr2a;RGD735029a;RGD735029b;Irf5a;Irf5a;Usp20a;Usp20b;P2rx1b;P2rx1b;Apeh17a;Apeh17a;Klc2a;Klc2a;Il34a;Il34a;Cd27c;Cd27c;Abcg8a;Abcg8a;Fn3krpa;Fn3krpb;Rogdia;Rogdic;Ssfa2b;Ssfa2b;Chrna9a;Chrna9b;Pipoxa;Pipoxa;Nfkbia1;Nfkbia1;Gadd45ga;Gadd45ga;Fancg1;Fancg1;Ptgs2a;Ptgs2a;Tmem87a1;Tmem87a1;Ms4a2a;Ms4a2a;Rabac1a;Rabac1b;Mmp9a;Mmp9b;Alkbh7a;Alkbh7a;Fetub1;Fetub2;Dhrs3a;Dhrs3a
KINABALU;BOR379;RB25 (MID-26);Npr2a;Npr2a;RGD735029a;RGD735029b;Irf5a;Irf5a;Usp20a;Usp20b;P2rx1b;P2rx1b;Apeh17a;Apeh17a;Klc2a;Klc2a;Il34a;Il34a;Cd27a;Cd27c;Abcg8a;Abcg8a;Fn3krpb;Fn3krpb;Rogdic;Rogdic;Ssfa2b;Ssfa2b;Chrna9a;Chrna9b;Pipoxa;Pipoxa;Nfkbia1;Nfkbia1;Gadd45ga;Gadd45ga;Fancg1;Fancg1;Ptgs2a;Ptgs2a;Tmem87a1;Tmem87a1;Ms4a2a;Ms4a2a;Rabac1a;Rabac1a;Mmp9a;Mmp9a;Alkbh7a;Alkbh7a;Fetub2;Fetub2;Dhrs3a;Dhrs3a
KINABALU;BOR383;RB26 (MID-27);Npr2a;Npr2c;RGD735029a;RGD735029b;Irf5a;Irf5a;Usp20a;Usp20b;P2rx1b;P2rx1b;Apeh17a;Apeh17a;Klc2a;Klc2a;Il34a;Il34a;Cd27a;Cd27c;Abcg8a;Abcg8a;Fn3krpa;Fn3krpa;Rogdia;Rogdic;Ssfa2b;Ssfa2b;Chrna9a;Chrna9b;Pipoxa;Pipoxa;Nfkbia1;Nfkbia1;Gadd45ga;Gadd45ga;Fancg1;Fancg1;Ptgs2a;Ptgs2a;Tmem87a1;Tmem87a2;Ms4a2a;Ms4a2c;Rabac1a;Rabac1b;Mmp9a;Mmp9b;Alkbh7a;Alkbh7a;Fetub1;Fetub2;Dhrs3a;Dhrs3a
KINABALU;BOR384;RB27 (MID-28);Npr2d;Npr2d;RGD735029a;RGD735029b;Irf5a;Irf5a;Usp20a;Usp20a;P2rx1b;P2rx1b;Apeh17a;Apeh17a;Klc2a;Klc2a;Il34a;Il34a;Cd27a;Cd27a;Abcg8a;Abcg8a;Fn3krpa;Fn3krpa;Rogdic;Rogdic;Ssfa2b;Ssfa2b;Chrna9a;Chrna9b;Pipoxa;Pipoxa;Nfkbia1;Nfkbia1;Gadd45ga;Gadd45ga;Fancg1;Fancg1;Ptgs2a;Ptgs2a;Tmem87a1;Tmem87a1;Ms4a2a;Ms4a2b;Rabac1a;Rabac1b;Mmp9a;Mmp9b;Alkbh7a;Alkbh7a;Fetub1;Fetub2;Dhrs3a;Dhrs3a
KINABALU;BOR391;RB28 (MID-29);Npr2a;Npr2b;RGD735029b;RGD735029b;Irf5a;Irf5a;Usp20a;Usp20a;P2rx1a;P2rx1b;Apeh17a;Apeh17a;Klc2a;Klc2a;Il34a;Il34a;Cd27a;Cd27a;Abcg8a;Abcg8a;Fn3krpa;Fn3krpa;Rogdic;Rogdic;Ssfa2b;Ssfa2b;Chrna9b;Chrna9b;Pipoxa;Pipoxa;Nfkbia1;Nfkbia1;Gadd45ga;Gadd45ga;Fancg1;Fancg1;Ptgs2a;Ptgs2a;Tmem87a1;Tmem87a1;Ms4a2a;Ms4a2b;Rabac1a;Rabac1b;Mmp9a;Mmp9b;Alkbh7a;Alkbh7a;Fetub1;Fetub2;Dhrs3a;Dhrs3a
KINABALU;BOR392;RB29 (MID-30);Npr2a;Npr2a;RGD735029a;RGD735029a;Irf5a;Irf5a;Usp20a;Usp20a;NA;NA;Apeh17a;Apeh17a;Klc2a;Klc2a;Il34a;Il34a;Cd27a;Cd27c;Abcg8a;Abcg8a;Fn3krpa;Fn3krpa;Rogdic;Rogdic;Ssfa2b;Ssfa2b;Chrna9a;Chrna9b;Pipoxa;Pipoxa;Nfkbia1;Nfkbia1;Gadd45ga;Gadd45ga;Fancg1;Fancg1;Ptgs2a;Ptgs2a;Tmem87a1;Tmem87a1;Ms4a2a;Ms4a2a;Rabac1a;Rabac1a;Mmp9a;Mmp9a;Alkbh7a;Alkbh7a;Fetub1;Fetub2;Dhrs3a;Dhrs3a
KINABALU;BOR393;RB30 (MID-32);Npr2c;Npr2c;RGD735029c;RGD735029d;Irf5a;Irf5a;Usp20a;Usp20b;P2rx1a;P2rx1b;Apeh17a;Apeh17a;Klc2a;Klc2a;Il34a;Il34b;Cd27a;Cd27d;Abcg8a;Abcg8a;Fn3krpa;Fn3krpa;Rogdic;Rogdic;Ssfa2b;Ssfa2b;Chrna9b;Chrna9b;Pipoxa;Pipoxa;Nfkbia1;Nfkbia1;Gadd45ga;Gadd45ga;NA;NA;Ptgs2a;Ptgs2a;Tmem87a1;Tmem87a1;Ms4a2a;Ms4a2a;Rabac1b;Rabac1b;Mmp9a;Mmp9b;Alkbh7a;Alkbh7a;Fetub1;Fetub2;Dhrs3a;Dhrs3a
KINABALU;BOR398;RB31 (MID-41);Npr2c;Npr2c;RGD735029b;RGD735029c;Irf5a;Irf5a;Usp20a;Usp20b;P2rx1a;P2rx1b;Apeh17a;Apeh17a;Klc2a;Klc2a;Il34a;Il34a;Cd27a;Cd27d;Abcg8a;Abcg8a;Fn3krpa;Fn3krpa;Rogdic;Rogdic;Ssfa2b;Ssfa2b;Chrna9a;Chrna9b;Pipoxa;Pipoxa;Nfkbia1;Nfkbia1;Gadd45ga;Gadd45ga;Fancg1;Fancg1;Ptgs2a;Ptgs2a;Tmem87a1;Tmem87a1;Ms4a2a;Ms4a2a;Rabac1a;Rabac1b;Mmp9a;Mmp9a;Alkbh7a;Alkbh7a;Fetub1;Fetub2;Dhrs3a;Dhrs3a
KINABALU;BOR399;RB32 (MID-42);Npr2c;Npr2c;RGD735029a;RGD735029b;Irf5a;Irf5a;Usp20a;Usp20a;P2rx1a;P2rx1b;Apeh17a;Apeh17a;Klc2a;Klc2a;Il34a;Il34a;Cd27a;Cd27a;Abcg8a;Abcg8a;Fn3krpa;Fn3krpa;Rogdic;Rogdic;Ssfa2b;Ssfa2b;Chrna9a;Chrna9a;Pipoxa;Pipoxa;Nfkbia1;Nfkbia1;Gadd45ga;Gadd45ga;Fancg1;Fancg1;Ptgs2a;Ptgs2a;Tmem87a1;Tmem87a1;Ms4a2a;Ms4a2a;Rabac1a;Rabac1b;Mmp9a;Mmp9b;Alkbh7a;Alkbh7a;Fetub1;Fetub2;Dhrs3a;Dhrs3a
KINABALU;BOR400;RB33 (MID-43);Npr2a;Npr2d;RGD735029b;RGD735029b;Irf5a;Irf5a;Usp20a;Usp20b;P2rx1a;P2rx1b;Apeh17a;Apeh17a;Klc2a;Klc2a;Il34a;Il34a;Cd27a;Cd27c;Abcg8a;Abcg8a;Fn3krpa;Fn3krpa;Rogdic;Rogdic;Ssfa2b;Ssfa2b;Chrna9b;Chrna9b;Pipoxa;Pipoxa;Nfkbia1;Nfkbia1;Gadd45ga;Gadd45ga;Fancg1;Fancg1;Ptgs2a;Ptgs2a;Tmem87a1;Tmem87a1;Ms4a2a;Ms4a2a;Rabac1a;Rabac1b;Mmp9a;Mmp9a;Alkbh7a;Alkbh7a;Fetub1;Fetub2;Dhrs3a;Dhrs3a
KINABALU;BOR401;RB34 (MID-44);Npr2c;Npr2d;RGD735029b;RGD735029b;Irf5a;Irf5a;Usp20b;Usp20b;P2rx1a;P2rx1b;Apeh17a;Apeh17a;Klc2a;Klc2a;Il34a;Il34a;Cd27a;Cd27c;Abcg8a;Abcg8a;Fn3krpa;Fn3krpa;Rogdic;Rogdic;Ssfa2b;Ssfa2b;Chrna9b;Chrna9b;Pipoxa;Pipoxa;Nfkbia1;Nfkbia1;Gadd45ga;Gadd45ga;Fancg1;Fancg1;Ptgs2a;Ptgs2a;Tmem87a1;Tmem87a2;Ms4a2a;Ms4a2a;Rabac1a;Rabac1b;Mmp9a;Mmp9a;Alkbh7a;Alkbh7a;Fetub1;Fetub2;Dhrs3a;Dhrs3a
KINABALU;BOR403;RB35 (MID-45);Npr2a;Npr2c;RGD735029b;RGD735029b;Irf5a;Irf5a;Usp20a;Usp20a;P2rx1b;P2rx1b;Apeh17a;Apeh17a;Klc2a;Klc2a;Il34a;Il34a;Cd27a;Cd27a;Abcg8a;Abcg8a;Fn3krpa;Fn3krpa;Rogdia;Rogdic;Ssfa2b;Ssfa2b;Chrna9a;Chrna9a;Pipoxa;Pipoxa;Nfkbia1;Nfkbia1;Gadd45ga;Gadd45ga;Fancg1;Fancg1;Ptgs2a;Ptgs2a;Tmem87a1;Tmem87a1;Ms4a2a;Ms4a2a;Rabac1a;Rabac1b;Mmp9a;Mmp9b;Alkbh7a;Alkbh7a;Fetub1;Fetub2;Dhrs3a;Dhrs3a
KINABALU;BOR405;RB36 (MID-46);Npr2a;Npr2c;RGD735029b;RGD735029b;Irf5a;Irf5a;Usp20a;Usp20b;P2rx1a;P2rx1b;Apeh17a;Apeh17a;Klc2a;Klc2a;Il34a;Il34a;Cd27c;Cd27c;Abcg8a;Abcg8a;Fn3krpa;Fn3krpa;Rogdic;Rogdic;Ssfa2b;Ssfa2b;Chrna9a;Chrna9b;Pipoxa;Pipoxa;Nfkbia1;Nfkbia1;Gadd45ga;Gadd45ga;Fancg1;Fancg1;Ptgs2a;Ptgs2a;Tmem87a1;Tmem87a1;Ms4a2c;Ms4a2d;Rabac1a;Rabac1b;Mmp9a;Mmp9b;Alkbh7a;Alkbh7a;Fetub1;Fetub2;Dhrs3a;Dhrs3a
TAMBOYUCON;BOR519;RB37 (MID-47);Npr2c;Npr2c;RGD735029b;RGD735029b;Irf5a;Irf5a;Usp20a;Usp20b;P2rx1a;P2rx1a;Apeh17a;Apeh17a;Klc2a;Klc2a;Il34a;Il34a;Cd27a;Cd27a;Abcg8a;Abcg8a;Fn3krpa;Fn3krpb;Rogdia;Rogdib;Ssfa2b;Ssfa2b;Chrna9a;Chrna9b;Pipoxa;Pipoxa;Nfkbia1;Nfkbia1;Gadd45ga;Gadd45ga;Fancg1;Fancg1;Ptgs2a;Ptgs2a;Tmem87a1;Tmem87a1;Ms4a2a;Ms4a2a;Rabac1a;Rabac1a;Mmp9a;Mmp9b;Alkbh7a;Alkbh7a;Fetub1;Fetub2;Dhrs3a;Dhrs3a
TAMBOYUCON;BOR528;RB38 (MID-48);Npr2a;Npr2c;RGD735029b;RGD735029b;Irf5a;Irf5a;Usp20a;Usp20a;P2rx1a;P2rx1a;Apeh17a;Apeh17a;Klc2b;Klc2b;Il34a;Il34a;Cd27a;Cd27a;Abcg8a;Abcg8a;Fn3krpa;Fn3krpa;Rogdib;Rogdic;Ssfa2a;Ssfa2b;Chrna9a;Chrna9b;Pipoxa;Pipoxa;Nfkbia1;Nfkbia1;Gadd45ga;Gadd45ga;Fancg1;Fancg1;Ptgs2a;Ptgs2a;Tmem87a1;Tmem87a1;Ms4a2a;Ms4a2a;Rabac1a;Rabac1a;Mmp9a;Mmp9c;Alkbh7a;Alkbh7a;Fetub1;Fetub2;Dhrs3a;Dhrs3a
TAMBOYUCON;BOR529;RB39 (MID-49);Npr2c;Npr2c;RGD735029b;RGD735029b;Irf5a;Irf5a;Usp20a;Usp20a;P2rx1a;P2rx1a;Apeh17a;Apeh17a;Klc2a;Klc2b;Il34a;Il34a;Cd27a;Cd27b;Abcg8a;Abcg8a;Fn3krpa;Fn3krpb;Rogdia;Rogdic;Ssfa2a;Ssfa2b;Chrna9a;Chrna9a;Pipoxa;Pipoxa;Nfkbia1;Nfkbia1;Gadd45ga;Gadd45ga;Fancg1;Fancg1;Ptgs2a;Ptgs2a;Tmem87a1;Tmem87a1;Ms4a2a;Ms4a2a;Rabac1a;Rabac1a;Mmp9b;Mmp9b;Alkbh7a;Alkbh7a;Fetub1;Fetub2;Dhrs3a;Dhrs3a
TAMBOYUCON;BOR531;RB40 (MID-50);Npr2c;Npr2c;RGD735029b;RGD735029b;Irf5a;Irf5a;Usp20a;Usp20b;P2rx1a;P2rx1a;Apeh17a;Apeh17a;Klc2a;Klc2b;Il34a;Il34a;Cd27a;Cd27a;Abcg8a;Abcg8a;Fn3krpa;Fn3krpa;Rogdia;Rogdia;Ssfa2a;Ssfa2b;Chrna9a;Chrna9a;Pipoxa;Pipoxa;Nfkbia1;Nfkbia1;Gadd45ga;Gadd45ga;NA;NA;Ptgs2a;Ptgs2a;Tmem87a1;Tmem87a1;Ms4a2a;Ms4a2a;Rabac1a;Rabac1a;NA;NA;Alkbh7a;Alkbh7a;Fetub1;Fetub2;Dhrs3a;Dhrs3a
TAMBOYUCON;BOR532;RB41 (MID-51);Npr2c;Npr2c;RGD735029b;NA;Irf5a;Irf5a;Usp20a;Usp20b;P2rx1a;P2rx1a;Apeh17a;Apeh17a;Klc2a;Klc2b;Il34a;NA;Cd27a;Cd27b;Abcg8a;Abcg8a;Fn3krpa;Fn3krpa;Rogdia;Rogdia;Ssfa2a;Ssfa2b;Chrna9a;Chrna9a;Pipoxa;Pipoxa;Nfkbia1;Nfkbia1;Gadd45ga;Gadd45ga;Fancg1;Fancg1;Ptgs2a;Ptgs2a;Tmem87a1;Tmem87a1;Ms4a2a;Ms4a2a;Rabac1a;Rabac1a;NA;NA;NA;NA;Fetub1;Fetub2;Dhrs3a;Dhrs3a
TAMBOYUCON;BOR533;RB42 (MID-52);Npr2c;Npr2c;RGD735029a;RGD735029b;Irf5a;Irf5a;Usp20a;Usp20a;P2rx1a;P2rx1a;Apeh17a;Apeh17a;Klc2a;Klc2b;Il34a;Il34a;Cd27a;Cd27a;Abcg8a;Abcg8a;Fn3krpa;Fn3krpb;Rogdia;Rogdib;Ssfa2a;Ssfa2a;Chrna9a;Chrna9a;Pipoxa;Pipoxa;Nfkbia1;Nfkbia1;Gadd45ga;Gadd45ga;Fancg1;Fancg1;Ptgs2a;Ptgs2a;Tmem87a1;Tmem87a2;Ms4a2a;Ms4a2a;Rabac1a;Rabac1a;Mmp9a;Mmp9a;Alkbh7a;Alkbh7a;Fetub1;Fetub2;Dhrs3a;Dhrs3a
TAMBOYUCON;BOR534;RB43 (MID-53);Npr2c;Npr2c;RGD735029b;RGD735029b;Irf5a;Irf5a;Usp20a;Usp20a;P2rx1a;P2rx1a;Apeh17a;Apeh17a;Klc2b;Klc2b;Il34a;Il34a;Cd27a;Cd27a;Abcg8a;Abcg8a;Fn3krpa;Fn3krpa;Rogdia;Rogdic;Ssfa2a;Ssfa2b;Chrna9a;Chrna9b;Pipoxa;Pipoxa;Nfkbia1;Nfkbia1;Gadd45ga;Gadd45ga;Fancg1;Fancg1;Ptgs2a;Ptgs2a;Tmem87a1;Tmem87a1;Ms4a2a;Ms4a2a;Rabac1a;Rabac1a;Mmp9b;Mmp9c;Alkbh7a;Alkbh7a;Fetub1;Fetub2;Dhrs3a;Dhrs3a
TAMBOYUCON;BOR540;RB44 (MID-54);Npr2c;Npr2c;RGD735029b;RGD735029b;NA;NA;Usp20a;Usp20b;P2rx1a;P2rx1a;Apeh17a;Apeh17a;Klc2a;Klc2b;NA;NA;Cd27a;Cd27a;Abcg8a;Abcg8a;Fn3krpa;Fn3krpb;Rogdia;Rogdia;Ssfa2a;Ssfa2b;Chrna9a;Chrna9a;Pipoxa;Pipoxa;Nfkbia1;Nfkbia1;Gadd45ga;Gadd45ga;NA;NA;Ptgs2a;Ptgs2a;Tmem87a1;Tmem87a1;Ms4a2a;Ms4a2a;Rabac1a;Rabac1a;Mmp9a;Mmp9b;NA;NA;Fetub1;Fetub2;Dhrs3a;Dhrs3a
TAMBOYUCON;BOR543;RB45 (MID-55);Npr2c;Npr2c;NA;NA;NA;NA;Usp20a;Usp20a;NA;NA;Apeh17a;Apeh17a;Klc2a;Klc2b;Il34a;NA;Cd27a;Cd27b;Abcg8a;Abcg8a;NA;NA;Rogdia;Rogdib;Ssfa2a;Ssfa2a;Chrna9a;Chrna9a;Pipoxa;Pipoxa;Nfkbia1;Nfkbia1;Gadd45ga;Gadd45ga;NA;NA;Ptgs2a;Ptgs2a;Tmem87a1;Tmem87a2;Ms4a2a;Ms4a2a;Rabac1a;Rabac1a;NA;NA;NA;NA;Fetub1;Fetub2;Dhrs3a;Dhrs3c
TAMBOYUCON;BOR548;RB46 (MID-56);Npr2a;Npr2c;RGD735029b;RGD735029b;Irf5a;Irf5a;Usp20a;Usp20a;P2rx1a;P2rx1a;Apeh17a;Apeh17a;Klc2a;Klc2a;Il34a;Il34a;Cd27a;Cd27a;Abcg8a;Abcg8a;Fn3krpa;Fn3krpa;Rogdia;Rogdic;Ssfa2a;Ssfa2b;Chrna9a;Chrna9a;Pipoxa;Pipoxa;Nfkbia1;Nfkbia1;Gadd45ga;Gadd45ga;Fancg1;Fancg1;Ptgs2a;Ptgs2a;Tmem87a1;Tmem87a1;Ms4a2a;Ms4a2a;Rabac1a;Rabac1b;NA;NA;Alkbh7a;Alkbh7a;Fetub1;Fetub2;Dhrs3a;Dhrs3a
TAMBOYUCON;BOR556;RB47 (MID-57);NA;NA;RGD735029b;RGD735029b;Irf5a;Irf5a;Usp20a;Usp20a;P2rx1a;NA;Apeh17a;Apeh17a;Klc2b;Klc2b;NA;NA;Cd27a;Cd27a;Abcg8a;Abcg8a;Fn3krpa;Fn3krpa;Rogdia;Rogdia;Ssfa2a;Ssfa2a;Chrna9a;Chrna9b;Pipoxa;Pipoxa;Nfkbia1;NA;Gadd45ga;Gadd45ga;NA;NA;Ptgs2a;Ptgs2a;Tmem87a1;NA;Ms4a2a;Ms4a2a;Rabac1a;Rabac1a;NA;NA;NA;NA;Fetub1;Fetub2;Dhrs3a;Dhrs3a
TAMBOYUCON;BOR557;RB48 (MID-58);Npr2c;Npr2c;RGD735029b;RGD735029b;Irf5a;Irf5a;Usp20a;Usp20a;P2rx1a;P2rx1a;Apeh17a;Apeh17a;Klc2a;Klc2b;Il34a;Il34a;Cd27a;Cd27a;Abcg8a;Abcg8a;Fn3krpa;Fn3krpa;Rogdia;Rogdic;Ssfa2a;Ssfa2a;Chrna9a;Chrna9a;Pipoxa;Pipoxa;Nfkbia1;Nfkbia1;Gadd45ga;Gadd45ga;Fancg1;Fancg1;Ptgs2a;Ptgs2a;Tmem87a1;Tmem87a2;Ms4a2a;Ms4a2a;Rabac1a;Rabac1a;Mmp9a;Mmp9a;Alkbh7a;Alkbh7a;Fetub1;Fetub2;Dhrs3a;Dhrs3a